,year,affiliation,Organization,Department
"Lin, Jonathan Y",2017,"Department of Biology, Calvin College, Grand Rapids, MI, USA.", Calvin College,Department of Biology
"Russell, Jacob A",2018,"Department of Biology, Drexel University.", Drexel University.,Department of Biology
"Sanders, Jon G",2020,"Department of Pediatrics, School of Medicine, University of California San Diego, La Jolla, California, USA.", University of California San Diego,Department of Pediatrics School of Medicine
"Wertz, John T",2018,"Department of Biology, Calvin College, Grand Rapids, MI, 49546, USA.", Calvin College,Department of Biology
"Baker, Christopher C M",2016,"Department of Organismic and Evolutionary Biology, Harvard University, Cambridge, MA 02138, USA.", Harvard University,Department of Organismic and Evolutionary Biology
"Bittleston, Leonora S",2016,"Department of Organismic and Evolutionary Biology, Harvard University, Cambridge, MA 02138, USA.", Harvard University,Department of Organismic and Evolutionary Biology
"Pierce, Naomi E",2018,"Department of Organismic and Evolutionary Biology, Harvard University, Cambridge, MA, USA.", Harvard University,Department of Organismic and Evolutionary Biology
"Shukla, Shantanu P",2016,"Department of Organismic and Evolutionary Biology, Harvard University, 26 Oxford Street, Cambridge, 02138, MA, USA.", Harvard University,Department of Organismic and Evolutionary Biology
"Byrne, Marcus J",2016,"School of Animal, Plant, and Environmental Sciences, University of Witwatersrand, Wits, 2050, South Africa.", University of Witwatersrand,School of Animal Plant and Environmental Sciences
"Hu, Yi",2018,"Department of Biology, Drexel University, Philadelphia, PA, 19104, USA. yh332@drexel.edu.", Drexel University,Department of Biology
"Holway, David A",2016,"Division of Biological Sciences, University of California-San Diego, La Jolla, CA, 92093, USA.", University of California-San Diego,Division of Biological Sciences
"Łukasik, Piotr",2018,"Department of Biology, Drexel University, Philadelphia, PA, 19104, USA.", Drexel University,Department of Biology
"Chau, Linh",2016,"Department of Biology, Drexel University, Philadelphia, PA, 19104, USA.", Drexel University,Department of Biology
"Kay, Adam D",2016,"Department of Biology, University of St. Thomas, St. Paul, MN, 55105, USA.", University of St. Thomas,Department of Biology
"LeBrun, Edward G",2016,"Department of Integrative Biology, The University of Texas at Austin, Austin, TX, 78703, USA.", The University of Texas at Austin,Department of Integrative Biology
"Miller, Katie A",2016,"Department of Biology, University of St. Thomas, St. Paul, MN, 55105, USA.", University of St. Thomas,Department of Biology
"Suarez, Andrew V",2016,"Department of Animal Biology, University of Illinois Urbana-Champaign, Urbana, IL, 61801, USA.", University of Illinois Urbana-Champaign,Department of Animal Biology
"Groussin, Mathieu",2017,"Center for Microbiome Informatics and Therapeutics, Massachusetts Institute of Technology, Cambridge, Massachusetts 02139, USA.
Department of Biological Engineering, Massachusetts Institute of Technology, Cambridge, Massachusetts 02139, USA.", Massachusetts Institute of Technology,Center for Microbiome Informatics and Therapeutics
"Mazel, Florent",2020,"Department of Botany, Biodiversity Research Centre, University of British Columbia, Vancouver, British Columbia, Canada.", University of British Columbia,Department of Botany Biodiversity Research Centre
"Smillie, Chris S",2017,"Center for Microbiome Informatics and Therapeutics, Massachusetts Institute of Technology, Cambridge, Massachusetts 02139, USA.
Department of Biological Engineering, Massachusetts Institute of Technology, Cambridge, Massachusetts 02139, USA.
The Broad Institute of MIT and Harvard, 415 Main Street Cambridge, Massachusetts 02142, USA.", Massachusetts Institute of Technology,Center for Microbiome Informatics and Therapeutics
"Lavergne, Sébastien",2017,"Laboratoire d Ecologie Alpine, CNRS, University of Grenoble Alpes, FR-38041, Grenoble Cedex 9, France.", University of Grenoble Alpes,Laboratoire d Ecologie Alpine CNRS
"Thuiller, Wilfried",2017,"Laboratoire d Ecologie Alpine, CNRS, University of Grenoble Alpes, FR-38041, Grenoble Cedex 9, France.", University of Grenoble Alpes,Laboratoire d Ecologie Alpine CNRS
"Alm, Eric J",2017,"Center for Microbiome Informatics and Therapeutics, Massachusetts Institute of Technology, Cambridge, Massachusetts 02139, USA.
Department of Biological Engineering, Massachusetts Institute of Technology, Cambridge, Massachusetts 02139, USA.
The Broad Institute of MIT and Harvard, 415 Main Street Cambridge, Massachusetts 02142, USA.", Massachusetts Institute of Technology,Center for Microbiome Informatics and Therapeutics
"Newton, Justin A",2018,"Department of Biology, Drexel University, Philadelphia, PA, 19104, USA.", Drexel University,Department of Biology
"Moreau, Corrie S",2018,"Department of Science and Education, Field Museum of Natural History, Chicago, IL, 60605, USA.", Field Museum of Natural History,Department of Science and Education
"Kronauer, Daniel J C",2018,"Laboratory of Social Evolution and Behavior, The Rockefeller University, New York, NY, 10065, USA.", The Rockefeller University,Laboratory of Social Evolution and Behavior
"O'Donnell, Sean",2017,"Department of Biology, Drexel University, Philadelphia, PA, USA.", Drexel University,Department of Biology
"Koga, Ryuichi",2018,"Bioproduction Research Institute, National Institute of Advanced Industrial Science and Technology, Tsukuba, Japan.", National Institute of Advanced Industrial Science and Technology,Bioproduction Research Institute
"Arcila Hernández, Lina M",2017,"Department of Ecology & Evolutionary Biology, University of Toronto, 25 Willcocks Street, Toronto, Ontario M5S 3B2, Canada.", University of Toronto,Department of Ecology & Evolutionary Biology
"Miller, Gabriel A",2017,"Department of Organismic & Evolutionary Biology, Harvard University, 26 Oxford Street, Cambridge, Massachusetts 02138, USA.", Harvard University,Department of Organismic & Evolutionary Biology
"Ravenscraft, Alison",2017,"Department of Organismic & Evolutionary Biology, Harvard University, 26 Oxford Street, Cambridge, Massachusetts 02138, USA.", Harvard University,Department of Organismic & Evolutionary Biology
"Frederickson, Megan E",2017,"Department of Ecology and Evolutionary Biology, University of Toronto, Toronto, ON M5S, Canada.", University of Toronto,Department of Ecology and Evolutionary Biology
"Lukasik, Piotr",2018,"Department of Biology, Drexel University.
Division of Biological Sciences, University of Montana.", University of Montana.,"Department of Biology Drexel University.
Division of Biological Sciences"
"Knight, Rob",2020,"Department of Pediatrics, School of Medicine, University of California San Diego, La Jolla, California, USA sjsong@ucsd.edu valerie.mckenzie@colorado.edu robknight@ucsd.edu.
Department of Computer Science & Engineering, Jacobs School of Engineering, University of California San Diego, La Jolla, California, USA.
Center for Microbiome Innovation, University of California San Diego, La Jolla, California, USA.", University of California San Diego,Department of Pediatrics School of Medicine
"Thompson, Luke R",2019,"Department of Biological Sciences and Northern Gulf Institute, University of Southern Mississippi, Hattiesburg, MS, USA; Ocean Chemistry and Ecosystems Division, Atlantic Oceanographic and Meteorological Laboratory, National Oceanic and Atmospheric Administration, stationed at Southwest Fisheries Science Center, La Jolla, CA, USA.", University of Southern Mississippi,Department of Biological Sciences and Northern Gulf Institute
"McDonald, Daniel",2019,"Department of Pediatrics, University of California San Diego, La Jolla, CA, USA.", University of California San Diego,Department of Pediatrics
"Amir, Amnon",2019,"Department of Pediatrics, University of California, San Diego, La Jolla, California, USA.", University of California,Department of Pediatrics
"Ladau, Joshua",2017,"The Gladstone Institutes and University of California San Francisco, San Francisco, California, USA.",The Gladstone Institutes and University of California San Francisco,
"Locey, Kenneth J",2017,"Department of Biology, Indiana University, Bloomington, Indiana, USA.", Indiana University,Department of Biology
"Prill, Robert J",2017,"Industrial and Applied Genomics, IBM Almaden Research Center, San Jose, California, USA.", IBM Almaden Research Center,Industrial and Applied Genomics
"Tripathi, Anupriya",2018,"Department of Pediatrics, University of California San Diego, La Jolla, CA, USA.", University of California San Diego,Department of Pediatrics
"Gibbons, Sean M",2017,"Department of Biological Engineering, Massachusetts Institute of Technology, Cambridge, Massachusetts, USA.
The Broad Institute of MIT and Harvard, Cambridge, Massachusetts, USA.", Massachusetts Institute of Technology,Department of Biological Engineering
"Ackermann, Gail",2018,"Department of Pediatrics, School of Medicine, University of California, San Diego, La Jolla, CA, USA.", School of Medicine,Department of Pediatrics
"Navas-Molina, Jose A",2018,"Department of Pediatrics, School of Medicine, University of California, San Diego, La Jolla, CA, USA.
Department of Computer Science and Engineering, University of California, San Diego, La Jolla, CA, USA.
Google LLC, Mountain View, CA, USA.", School of Medicine University of California,Department of Pediatrics
"Janssen, Stefan",2019,"Department of Pediatrics, University of California San Diego, La Jolla, CA, USA.
Algorithmic Bioinformatics, Department of Biology and Chemistry, Justus Liebig University Gießen, Giessen, Germany.", University of California San Diego,Department of Pediatrics
"Kopylova, Evguenia",2019,"Department of Pediatrics, University of California San Diego, La Jolla, CA, USA.", University of California San Diego,Department of Pediatrics
"Vázquez-Baeza, Yoshiki",2018,"Department of Pediatrics, School of Medicine, University of California, San Diego, La Jolla, CA, USA.", University of California San Diego,Department of Pediatrics School of Medicine
"González, Antonio",2017,"Department of Pediatrics, University of California San Diego, La Jolla, California, USA.", University of California San Diego,Department of Pediatrics
"Morton, James T",2019,"Department of Pediatrics, University of California San Diego, La Jolla, CA, USA.
Department of Computer Science and Engineering, University of California San Diego, La Jolla, CA, USA.", University of California San Diego,Department of Pediatrics
"Mirarab, Siavash",2019,"Malopolska Centre of Biotechnology, Jagiellonian University, Krakow, Poland.", Jagiellonian University,Malopolska Centre of Biotechnology
"Zech Xu, Zhenjiang",2017,"Department of Pediatrics, University of California San Diego, La Jolla, California, USA.", University of California San Diego,Department of Pediatrics
"Jiang, Lingjing",2017,"Department of Pediatrics, University of California San Diego, La Jolla, California, USA.
Department of Family Medicine and Public Health, University of California San Diego, La Jolla, California, USA.", University of California San Diego,Department of Pediatrics
"Haroon, Mohamed F",2017,"Department of Organismic and Evolutionary Biology, Harvard University, Cambridge, Massachusetts, USA.", Harvard University,Department of Organismic and Evolutionary Biology
"Kanbar, Jad",2017,"Department of Pediatrics, University of California San Diego, La Jolla, California, USA.", University of California San Diego,Department of Pediatrics
"Zhu, Qiyun",2019,"Department of Pediatrics, University of California San Diego, La Jolla, CA, USA.", University of California San Diego,Department of Pediatrics
"Jin Song, Se",2017,"Department of Pediatrics, University of California San Diego, La Jolla, California, USA.", University of California San Diego,Department of Pediatrics
"Kosciolek, Tomasz",2019,"Department of Pediatrics, University of California San Diego, La Jolla, CA, USA.
Malopolska Centre of Biotechnology, Jagiellonian University, Krakow, Poland.", University of California San Diego,Department of Pediatrics
"Bokulich, Nicholas A",2017,"Pathogen and Microbiome Institute, Northern Arizona University, Flagstaff, Arizona, USA.", Northern Arizona University,Pathogen and Microbiome Institute
"Lefler, Joshua",2017,"Department of Pediatrics, University of California San Diego, La Jolla, California, USA.", University of California San Diego,Department of Pediatrics
"Brislawn, Colin J",2018,"Earth & Biological Sciences Directorate, Pacific Northwest National Laboratory, Richland, WA, USA.", Pacific Northwest National Laboratory,Earth & Biological Sciences Directorate
"Humphrey, Gregory",2020,"Department of Pediatrics, School of Medicine, University of California San Diego, La Jolla, California, USA.", School of Medicine University of California San Diego,Department of Pediatrics
"Owens, Sarah M",2017,"Biosciences Division, Argonne National Laboratory, Argonne, Illinois, USA.", Argonne National Laboratory,Biosciences Division
"Hampton-Marcell, Jarrad",2017,"Biosciences Division, Argonne National Laboratory, Argonne, Illinois, USA.
Department of Biological Sciences, University of Illinois at Chicago, Chicago, Illinois, USA.", Argonne National Laboratory,Biosciences Division
"Berg-Lyons, Donna",2017,"BioFrontiers Institute, University of Colorado, Boulder, Colorado, USA.", University of Colorado,BioFrontiers Institute
"McKenzie, Valerie",2017,"Department of Ecology and Evolutionary Biology, University of Colorado, Boulder, Colorado, USA.", University of Colorado,Department of Ecology and Evolutionary Biology
"Fierer, Noah",2019,"Department of Ecology & Evolutionary Biology, University of Colorado at Boulder, 216 UCB, Boulder, CO 80309, USA.
Cooperative Institute for Research in Environmental Sciences, University of Colorado at Boulder, CIRES Bldg. Rm. 318, Boulder, CO 80309, USA.", University of Colorado at Boulder,Department of Ecology & Evolutionary Biology
"Fuhrman, Jed A",2017,"Department of Biological Sciences, University of Southern California, Los Angeles, California, USA.", University of Southern California,Department of Biological Sciences
"Clauset, Aaron",2017,"BioFrontiers Institute, University of Colorado, Boulder, Colorado, USA.
Department of Computer Science, University of Colorado, Boulder, Colorado, USA.", University of Colorado Boulder,BioFrontiers Institute
"Stevens, Rick L",2017,"Computing, Environment and Life Sciences, Argonne National Laboratory, Argonne, Illinois, USA.
Department of Computer Science, University of Chicago, Chicago, Illinois, USA.", Argonne National Laboratory,Computing Environment and Life Sciences
"Shade, Ashley",2017,"Department of Microbiology and Molecular Genetics, Michigan State University, East Lansing, Michigan, USA.
Department of Plant, Soil and Microbial Sciences, Michigan State University, East Lansing, Michigan, USA.
Program in Ecology, Evolutionary Biology and Behavior, Michigan State University, East Lansing, Michigan, USA.", Michigan State University,Department of Microbiology and Molecular Genetics
"Pollard, Katherine S",2017,"The Gladstone Institutes and University of California San Francisco, San Francisco, California, USA.",The Gladstone Institutes and University of California San Francisco,The Gladstone Institutes and University of California San Francisco
"Goodwin, Kelly D",2017,"Ocean Chemistry and Ecosystems Division, Atlantic Oceanographic and Meteorological Laboratory, National Oceanic and Atmospheric Administration, stationed at Southwest Fisheries Science Center, La Jolla, California, USA.", Atlantic Oceanographic and Meteorological Laboratory National Oceanic and Atmospheric Administration,Ocean Chemistry and Ecosystems Division
"Jansson, Janet K",2017,"Earth and Biological Sciences Directorate, Pacific Northwest National Laboratory, Richland, Washington, USA.", Pacific Northwest National Laboratory,Earth and Biological Sciences Directorate
"Gilbert, Jack A",2020,"Department of Pediatrics, School of Medicine, University of California San Diego, La Jolla, California, USA.", University of California San Diego,Department of Pediatrics School of Medicine
"None, None",2017,,,
"Davenport, Emily R",2017,"Department of Molecular Biology and Genetics, Cornell University, Ithaca, NY, USA.", Cornell University,Department of Molecular Biology and Genetics
"Song, Se Jin",2020,"Department of Pediatrics, School of Medicine, University of California San Diego, La Jolla, California, USA sjsong@ucsd.edu valerie.mckenzie@colorado.edu robknight@ucsd.edu.", University of California San Diego,Department of Pediatrics School of Medicine
"Amato, Katherine R",2018,"Department of Anthropology, Northwestern University, Evanston, USA. Katherine.amato@northwestern.edu.", Northwestern University,Department of Anthropology
"Clark, Andrew G",2017,"Department of Molecular Biology and Genetics, Cornell University, Ithaca, NY, USA.", Cornell University,Department of Molecular Biology and Genetics
"Marotz, Clarisse A",2018,"Department of Pediatrics, University of California San Diego, La Jolla, CA, USA.",Department of Pediatrics University of California San Diego,
"Zuniga, Cristal",2018,"Department of Pediatrics, University of California San Diego, La Jolla, CA, USA.", University of California San Diego,Department of Pediatrics
"Zaramela, Livia S",2018,"Department of Pediatrics, University of California San Diego, La Jolla, CA, USA.", University of California San Diego,Department of Pediatrics
"Zengler, Karsten",2018,"Department of Pediatrics, University of California San Diego, La Jolla, CA, USA. kzengler@ucsd.edu.
Center for Microbiome Innovation, University of California San Diego, La Jolla, CA, USA. kzengler@ucsd.edu.", University of California San Diego,Department of Pediatrics
"D'Amelio, Catherine L",2018,"Department of Biology, Drexel University, Philadelphia, PA, 19104, USA.", Drexel University,Department of Biology
"Millar, John S",2018,"Department of Medicine, Institute of Diabetes, Obesity and Metabolism, University of Pennsylvania, Philadelphia, PA, 19104, USA.", University of Pennsylvania,Department of Medicine Institute of Diabetes Obesity and Metabolism
"Vann, David R",2018,"Department of Earth and Environmental Science, University of Pennsylvania, Philadelphia, PA, 19104, USA.", University of Pennsylvania,Department of Earth and Environmental Science
"Lan, Yemin",2018,"School of Biomedical Engineering, Science and Health systems, Drexel University, Philadelphia, PA, 19104, USA.", Drexel University,School of Biomedical Engineering Science and Health systems
"Schotanus, Mark",2018,"Department of Biology, Calvin College, Grand Rapids, MI, 49546, USA.", Calvin College,Department of Biology
"Engel, Philipp",2018,"Department of Fundamental Microbiology, University of Lausanne, 1015, Lausanne, Switzerland.", University of Lausanne,Department of Fundamental Microbiology
"Vrbanac, Alison",2018,"Biomedical Sciences Graduate Program, University of California San Diego, La Jolla, CA, USA.", University of California San Diego,Biomedical Sciences Graduate Program
"Taylor, Bryn C",2018,"Biomedical Sciences Graduate Program, University of California San Diego, La Jolla, CA, USA.", University of California San Diego,Biomedical Sciences Graduate Program
"Aksenov, Alexander",2018,"Skaggs School of Pharmacy and Pharmaceutical Sciences, University of California San Diego, La Jolla, CA, USA.", University of California San Diego,Skaggs School of Pharmacy and Pharmaceutical Sciences
"Callewaert, Chris",2018,"Department of Pediatrics, School of Medicine, University of California San Diego, La Jolla, CA, USA.
Center for Microbial Ecology and Technology, Ghent University, Ghent, Belgium.", University of California San Diego,Department of Pediatrics School of Medicine
"Debelius, Justine",2018,"Department of Pediatrics, School of Medicine, University of California San Diego, La Jolla, CA, USA.", University of California San Diego,Department of Pediatrics School of Medicine
"Gonzalez, Antonio",2018,"Department of Pediatrics, School of Medicine, University of California, San Diego, La Jolla, CA, USA.", University of California,Department of Pediatrics School of Medicine
"McCall, Laura-Isobel",2018,"Skaggs School of Pharmacy and Pharmaceutical Sciences, University of California San Diego, La Jolla, CA, USA.", University of California San Diego,Skaggs School of Pharmacy and Pharmaceutical Sciences
"Melnik, Alexey V",2018,"Skaggs School of Pharmacy and Pharmaceutical Sciences, University of California San Diego, La Jolla, CA, USA.", University of California San Diego,Skaggs School of Pharmacy and Pharmaceutical Sciences
"Navas, Jose",2018,"Department of Computer Science and Engineering, University of California San Diego, La Jolla, CA, USA.", University of California San Diego,Department of Computer Science and Engineering
"Quinn, Robert A",2019,"Skaggs School of Pharmacy and Pharmaceutical Sciences, University of California San Diego, La Jolla, CA, USA.
Department of Biochemistry and Molecular Biology, Michigan State University, East Lansing, MI, USA.", University of California San Diego,Skaggs School of Pharmacy and Pharmaceutical Sciences
"Swafford, Austin D",2018,"Center for Microbiome Innovation, University of California, San Diego, La Jolla, CA, USA.", University of California San Diego,Center for Microbiome Innovation
"Xu, Zhenjiang Z",2019,"Department of Pediatrics, University of California San Diego, La Jolla, CA, USA.", University of California San Diego,Department of Pediatrics
"Zaneveld, Jesse R",2018,"Division of Biological Sciences, School of Science Technology Engineering and Math, University of Washington Bothell, Bothell, WA, USA.", University of Washington Bothell,Division of Biological Sciences School of Science Technology Engineering and Math
"Caporaso, J Gregory",2018,"Pathogen and Microbiome Institute, Northern Arizona University, Flagstaff, AZ, USA.
Department of Biological Sciences, Northern Arizona University, Flagstaff, AZ, USA.", Northern Arizona University,Pathogen and Microbiome Institute
"Dorrestein, Pieter C",2019,"Department of Pediatrics, University of California San Diego School of Medicine, La Jolla, CA, 92093, USA.
Institute for Genomic Medicine, University of California San Diego, La Jolla, CA, USA.
Collaborative Mass Spectrometry Innovation Center, Skaggs School of Pharmacy and Pharmaceutical Sciences, University of California San Diego, La Jolla, CA, USA.", University of California San Diego School of Medicine,Department of Pediatrics
"Bisch, Gaelle",2018,"Cell and Molecular Biology, Science for Life Laboratory, Department of Molecular Evolution, Uppsala University, Sweden.", Department of Molecular Evolution Uppsala University,Cell and Molecular Biology Science for Life Laboratory
"Neuvonen, Minna-Maria",2018,"Cell and Molecular Biology, Science for Life Laboratory, Department of Molecular Evolution, Uppsala University, Sweden.", Uppsala University,Cell and Molecular Biology Science for Life Laboratory Department of Molecular Evolution
"Andersson, Siv G E",2018,"Cell and Molecular Biology, Science for Life Laboratory, Department of Molecular Evolution, Uppsala University, Sweden.", Uppsala University,Cell and Molecular Biology Science for Life Laboratory Department of Molecular Evolution
"G Sanders, Jon",2018,"Department of Pediatrics, University of California San Diego, San Diego, USA.
Center for Microbiome Research, University of California San Diego, San Diego, USA.", University of California San Diego,Department of Pediatrics
"Nute, Michael",2018,"Department of Statistics, University of Illinois at Urbana-Champaign, Urbana, USA.", University of Illinois at Urbana-Champaign,Department of Statistics
"Metcalf, Jessica L",2019,"11 Department of Animal Sciences, Colorado State University , Fort Collins CO 80523 , USA.", Colorado State University ,11 Department of Animal Sciences
"J McKenzie, Valerie",2018,"Department of Ecology and Evolutionary Biology, University of Colorado Boulder, Boulder, USA.", University of Colorado Boulder,Department of Ecology and Evolutionary Biology
"Gogul, Grant",2018,"BioFrontiers Institute, University of Colorado Boulder, Boulder, USA.", University of Colorado Boulder,BioFrontiers Institute
"Gaffney, James",2019,"Department of Pediatrics, University of California San Diego School of Medicine, La Jolla, CA, 92093, USA.", University of California San Diego School of Medicine,Department of Pediatrics
"L Baden, Andrea",2018,"Department of Anthropology, Hunter College of City University of New York, New York, USA.", Hunter College of City University of New York,Department of Anthropology
"A O Britton, Gillian",2018,"Department of Anthropology, Dartmouth College, Hanover, USA.", Dartmouth College,Department of AnthropologyDepartment of Anthropology
"P Cuozzo, Frank",2018,"Lajuma Research Centre, Louis Trichardt (Makhado), South Africa.",Lajuma Research Centre,Lajuma Research CentreLajuma Research Centre Louis Trichardt (Makhado) South Africa.
"Di Fiore, Anthony",2018,"Department of Anthropology, University of Texas Austin, Austin, USA.", University of Texas Austin,Department of Anthropology
"J Dominy, Nathaniel",2018,"Department of Anthropology, Dartmouth College, Hanover, USA.", Dartmouth College,Department of Anthropology
"L Goldberg, Tony",2018,"Department of Pathobiological Sciences, University of Wisconsin-Madison, Madison, USA.", University of Wisconsin-Madison,Department of Pathobiological Sciences
"Gomez, Andres",2018,"Department of Animal Sciences, University of Minnesota, Minneapolis, USA.", University of Minnesota,Department of Animal Sciences
"Kowalewski, Martin M",2018,"Estacion Biologica Corrientes (MACN-BR) - CONICET, Corrientes, Argentina.",Estacion Biologica Corrientes (MACN-BR) - CONICET,Estacion Biologica Corrientes (MACN-BR) - CONICETEstacion Biologica Corrientes (MACN-BR) - CONICET
"J Lewis, Rebecca",2018,"Department of Anthropology, University of Texas Austin, Austin, USA.", University of Texas Austin,Department of Anthropology
"Link, Andres",2018,"Department of Biological Sciences and School of Management, Universidad de los Andes, Bogota, Colombia.", Universidad de los Andes Bogota Colombia.,Department of Biological Sciences and School of Management
"L Sauther, Michelle",2018,"Department of Anthropology, University of Colorado Boulder, Boulder, USA.", University of Colorado Boulder,Department of Anthropology
"Tecot, Stacey",2018,"School of Anthropology, University of Arizona, Tucson, USA.", University of Arizona,School of Anthropology
"A White, Bryan",2018,"Department of Animal Sciences, University of Illinois at Urbana-Champaign, Urbana, USA.", University of Illinois at Urbana-Champaign,Department of Animal Sciences
"E Nelson, Karen",2018,"Departments of Human Biology and Genomic Medicine, J. Craig Venter Institute, La Jolla, CA, 92037, USA.", J. Craig Venter Institute,Departments of Human Biology and Genomic Medicine
"M Stumpf, Rebecca",2018,"Department of Anthropology, University of Illinois at Urbana-Champaign, Urbana, USA.", University of Illinois at Urbana-Champaign,Department of Anthropology
"R Leigh, Steven",2018,"Department of Anthropology, University of Colorado Boulder, Boulder, USA.", University of Colorado Boulder,Department of Anthropology
"Marotz, Clarisse",2018,"Department of Pediatrics, University of California San Diego, La Jolla, CA, USA.", University of California San Diego,Department of Pediatrics
"Bouslimani, Amina",2019,"Collaborative Mass Spectrometry Innovation Center, Skaggs School of Pharmacy and Pharmaceutical Sciences, University of California, San Diego, San Diego, CA, USA.", University of California San Diego,Collaborative Mass Spectrometry Innovation Center Skaggs School of Pharmacy and Pharmaceutical Sciences
"Smarr, Larry",2019,"Department of Computer Science and Engineering, University of California San Diego, La Jolla, CA, USA.
Center for Microbiome Innovation, University of California San Diego, La Jolla, CA, USA.
California Institute for Telecommunications and Information Technology, University of California San Diego, La Jolla, CA, USA.", University of California San Diego,Department of Computer Science and Engineering
"Rubin, Benjamin E R",2018,"Lewis-Sigler Institute for Integrative Genomics, Princeton University, Princeton, NJ, USA.", Princeton University,Lewis-Sigler Institute for Integrative Genomics
"Turner, Kyle M",2018,"Department of Organismic and Evolutionary Biology, Harvard University, Cambridge, MA, USA.
Howard Hughes Medical Institute, Harvard University, Cambridge, MA, USA.", Harvard University,Department of Organismic and Evolutionary Biology
"Kocher, Sarah D",2018,"Lewis-Sigler Institute for Integrative Genomics, Princeton University, Princeton, NJ, USA.
Department of Organismic and Evolutionary Biology, Harvard University, Cambridge, MA, USA.", Princeton University,Lewis-Sigler Institute for Integrative Genomics
"DeReus, Jeff",2018,"Department of Pediatrics, School of Medicine, University of California, San Diego, La Jolla, CA, USA.", University of California San Diego,Department of Pediatrics School of Medicine
"Orchanian, Stephanie B",2018,"Center for Microbiome Innovation, University of California, San Diego, La Jolla, CA, USA.", University of California San Diego,Center for Microbiome Innovation
"Shorenstein, Joshua",2018,"Department of Pediatrics, School of Medicine, University of California, San Diego, La Jolla, CA, USA.
Inscripta, Inc., Boulder, CO, USA.", University of California San Diego,Department of Pediatrics School of Medicine
"Holste, Hannes",2018,"Department of Pediatrics, School of Medicine, University of California, San Diego, La Jolla, CA, USA.
Department of Computer Science and Engineering, University of California, San Diego, La Jolla, CA, USA.", University of California San Diego,Department of Pediatrics School of Medicine
"Petrus, Semar",2018,"Department of Biology, University of California, San Diego, La Jolla, CA, USA.", University of California San Diego,Department of Biology
"Robbins-Pianka, Adam",2018,"Department of Computer Science, University of Colorado, Boulder, Boulder, CO, USA.", University of Colorado Boulder,Department of Computer Science
"Wang, Mingxun",2018,"Collaborative Mass Spectrometry Innovation Center, Skaggs School of Pharmacy and Pharmaceutical Sciences, University of California, San Diego, La Jolla, CA, USA.", University of California San Diego,Collaborative Mass Spectrometry Innovation Center Skaggs School of Pharmacy and Pharmaceutical Sciences
"Rideout, Jai Ram",2018,"Pathogen and Microbiome Institute, Northern Arizona University, Flagstaff, AZ, USA.", Northern Arizona University,Pathogen and Microbiome Institute
"Bolyen, Evan",2018,"Pathogen and Microbiome Institute, Northern Arizona University, Flagstaff, AZ, USA.", Northern Arizona University,Pathogen and Microbiome Institute
"Dillon, Matthew",2018,"Pathogen and Microbiome Institute, Northern Arizona University, Flagstaff, AZ, USA.", Northern Arizona University,Pathogen and Microbiome Institute
"Lloyd, Colton J",2019,"Department of Bioengineering, University of California, San Diego, La Jolla, United States of America.", University of California San Diego,Department of Bioengineering
"King, Zachary A",2019,"Department of Bioengineering, University of California, San Diego, La Jolla, United States of America.", University of California San Diego,Department of Bioengineering
"Sandberg, Troy E",2019,"Department of Bioengineering, University of California, San Diego, La Jolla, United States of America.", University of California San Diego,Department of Bioengineering
"Hefner, Ying",2019,"Department of Bioengineering, University of California, San Diego, La Jolla, United States of America.", University of California San Diego,Department of Bioengineering
"Olson, Connor A",2019,"Department of Bioengineering, University of California, San Diego, La Jolla, United States of America.", University of California San Diego,Department of Bioengineering
"Phaneuf, Patrick V",2019,"Bioinformatics and Systems Biology Program, University of California, San Diego, La Jolla, United States of America.", University of California San Diego,Bioinformatics and Systems Biology Program
"O'Brien, Edward J",2019,"Bioinformatics and Systems Biology Program, University of California, San Diego, La Jolla, United States of America.", University of California San Diego,Bioinformatics and Systems Biology Program
"Salido, Rodolfo A",2019,"Department of Pediatrics, University of California San Diego School of Medicine, La Jolla, CA, 92093, USA.", University of California San Diego School of Medicine,Department of Pediatrics
"Sanders, Karenina",2019,"Department of Pediatrics, University of California San Diego School of Medicine, La Jolla, CA, 92093, USA.", University of California San Diego School of Medicine,Department of Pediatrics
"Brennan, Caitriona",2019,"Department of Pediatrics, University of California San Diego School of Medicine, La Jolla, CA, 92093, USA.", University of California San Diego School of Medicine,Department of Pediatrics
"Feist, Adam M",2019,"Department of Bioengineering, University of California, San Diego, La Jolla, United States of America.
Novo Nordisk Foundation Center for Biosustainability, Technical University of Denmark, Denmark.", University of California San Diego,Department of Bioengineering
"Hammer, Tobin J",2019,"Department of Integrative Biology, University of Texas at Austin, 2506 Speedway, NMS 4.216, Austin, TX 78712, USA.", University of Texas at Austin,Department of Integrative Biology
"Baldassarre, Daniel T",2019,"3 Department of Biology, University of Miami , Coral Gables, FL 33146 , USA.", University of Miami ,3 Department of Biology
"Chaves, Jaime A",2019,"4 Colegio de Ciencias Biológicas y Ambientales, Universidad San Francisco de Quito, Quito, Ecuador.
5 Galápagos Science Center, Puerto Baquerizo Moreno, Galápagos, Ecuador.", Universidad San Francisco de Quito Quito,4 Colegio de Ciencias Biológicas y Ambientales
"Johnson, Nicholas S",2019,"6 United States Geological Survey, Great Lakes Science Center , Hammond Bay Biological Station, Millersburg, MI 49759 , USA.", Hammond Bay Biological Station,6 United States Geological Survey Great Lakes Science Center 
"Piaggio, Antoinette J",2019,"7 National Wildlife Research Center, U.S. Department of Agriculture , Fort Collins, CO 80521 , USA.", U.S. Department of Agriculture ,7 National Wildlife Research Center
"Stuckey, Matthew J",2019,"8 Department of Population Health and Reproduction, School of Veterinary Medicine, University of California Davis , Davis CA 95616 , USA.", University of California Davis ,8 Department of Population Health and Reproduction School of Veterinary Medicine
"Nováková, Eva",2019,"9 Faculty of Science, University of South Bohemia , České Budějovice , Czech Republic.
10 Biology Centre of ASCR, Institute of Parasitology , České Budějovice , Czech Republic.", University of South Bohemia ,9 Faculty of Science
"Chomel, Bruno B",2019,"8 Department of Population Health and Reproduction, School of Veterinary Medicine, University of California Davis , Davis CA 95616 , USA.", University of California Davis ,8 Department of Population Health and Reproduction School of Veterinary Medicine
"Aguilar-Setién, Alvaro",2019,"12 Unidad de Investigación Médica en Inmunología, Coordinación de Investigación, Instituto Mexicano del Seguro Social, Centro Médico Nacional Siglo XXI, Hospital de Pediatría 3er piso , Mexico City , Mexico.", Centro Médico Nacional Siglo XXI Hospital de Pediatría 3er piso ,12 Unidad de Investigación Médica en Inmunología Coordinación de Investigación Instituto Mexicano del Seguro Social
"McKenzie, Valerie J",2020,"Department of Ecology and Evolutionary Biology, University of Colorado Boulder, Boulder, Colorado, USA sjsong@ucsd.edu valerie.mckenzie@colorado.edu robknight@ucsd.edu.", University of Colorado Boulder,Department of Ecology and Evolutionary Biology
"Minich, Jeremiah J",2019,"Marine Biology Research Division, Scripps Institution of Oceanography, University of California, San Diego, La Jolla, California, USA.", Scripps Institution of Oceanography University of California San Diego,Marine Biology Research Division
"Humphrey, Greg",2019,"Department of Pediatrics, University of California, San Diego, La Jolla, California, USA.", University of California San Diego,Department of Pediatrics
"Glenn, Travis C",2019,"Department of Environmental Health Science, University of Georgia, Athens, GA, United States of America.
Interdisciplinary Toxicology Program, University of Georgia, Athens, GA, United States of America.
Department of Genetics, University of Georgia, Athens, GA, United States of America.
Georgia Genomics and Bioinformatics Core, University of Georgia, Athens, GA, United States of America.
Institute of Bioinformatics, University of Georgia, Athens, GA, United States of America.", University of Georgia,Department of Environmental Health Science
"Nilsen, Roger A",2019,"Georgia Genomics and Bioinformatics Core, University of Georgia, Athens, GA, United States of America.
Current affiliation:  Department of Small Animal Medicine, College of Veterinary Medicine, University of Georgia, Athens, GA, United States of America.", University of Georgia,Georgia Genomics and Bioinformatics Core
"Kieran, Troy J",2019,"Department of Environmental Health Science, University of Georgia, Athens, GA, United States of America.", University of Georgia,Department of Environmental Health Science
"Bayona-Vásquez, Natalia J",2019,"Department of Environmental Health Science, University of Georgia, Athens, GA, United States of America.", University of Georgia,Department of Environmental Health Science
"Finger, John W",2019,"Department of Environmental Health Science, University of Georgia, Athens, GA, United States of America.
Interdisciplinary Toxicology Program, University of Georgia, Athens, GA, United States of America.
Current affiliation:  Department of Biological Sciences, Auburn University, Auburn, AL, United States of America.", University of Georgia,Department of Environmental Health Science
"Pierson, Todd W",2019,"Department of Environmental Health Science, University of Georgia, Athens, GA, United States of America.
Current affiliation:  Department of Ecology and Evolutionary Biology, University of Tennessee, Knoxville, TN, United States of America.", University of Georgia,Department of Environmental Health Science
"Bentley, Kerin E",2019,"Department of Genetics, University of Georgia, Athens, GA, United States of America.
Current affiliation:  LeafWorks Inc., Sebastopol, CA, United States of America.", University of Georgia,Department of Genetics
"Hoffberg, Sandra L",2019,"Department of Genetics, University of Georgia, Athens, GA, United States of America.
Current affiliation:  Department of Ecology, Evolution, and Environmental Biology, Columbia University, New York, NY, United States of America.", University of Georgia,Department of Genetics
"Louha, Swarnali",2019,"Institute of Bioinformatics, University of Georgia, Athens, GA, United States of America.", University of Georgia,Institute of Bioinformatics
"Garcia-De Leon, Francisco J",2019,"Laboratorio de Genética para la Conservación, Centro de Investigaciones Biológicas del Noroeste, SC, Instituto Politécnico Nacional, La Paz, Mexico.", Centro de Investigaciones Biológicas del Noroeste,Laboratorio de Genética para la Conservación Centro de Investigaciones Biológicas del NoroesteLaboratorio de Genética para la Conservación
"Del Rio Portilla, Miguel Angel",2019,"Centro de Investigación Científica y de Educación Superior de Ensenada (CICESE), Ensenada, Baja California, Mexico.",Centro de Investigación Científica y de Educación Superior de Ensenada (CICESE),Centro de Investigación Científica y de Educación Superior de Ensenada (CICESE)
"Reed, Kurt D",2019,"Department of Pathology and Laboratory Medicine, University of Wisconsin-Madison, Madison, WI, United States of America.", University of Wisconsin-Madison,Department of Pathology and Laboratory Medicine
"Anderson, Jennifer L",2019,"Integrated Research and Development Laboratory, Marshfield Clinic Research Institute, Marshfield, WI, United States of America.", Marshfield Clinic Research Institute,Integrated Research and Development Laboratory
"Meece, Jennifer K",2019,"Integrated Research and Development Laboratory, Marshfield Clinic Research Institute, Marshfield, WI, United States of America.", Marshfield Clinic Research Institute,Integrated Research and Development Laboratory
"Aggrey, Samuel E",2019,"Institute of Bioinformatics, University of Georgia, Athens, GA, United States of America.
Department of Poultry Science, University of Georgia, Athens, GA, United States of America.", University of Georgia,Institute of Bioinformatics
"Rekaya, Romdhane",2019,"Institute of Bioinformatics, University of Georgia, Athens, GA, United States of America.
Department of Animal and Dairy Science, University of Georgia, Athens, GA, United States of America.", University of Georgia,Institute of Bioinformatics
"Alabady, Magdy",2019,"Georgia Genomics and Bioinformatics Core, University of Georgia, Athens, GA, United States of America.
Department of Plant Biology, University of Georgia, Athens, GA, United States of America.", University of Georgia,Georgia Genomics and Bioinformatics Core
"Belanger, Myriam",2019,"Georgia Genomics and Bioinformatics Core, University of Georgia, Athens, GA, United States of America.
Department of Infectious Diseases, University of Georgia, Athens, GA, United States of America.", University of Georgia,Georgia Genomics and Bioinformatics Core
"Winker, Kevin",2020,"University of Alaska Museum, Fairbanks, Alaska, USA.",University of Alaska Museum,University of Alaska Museum
"Faircloth, Brant C",2019,"Department of Biological Sciences and Museum of Natural Science, Louisiana State University, Baton Rouge, LA, United States of America.", Louisiana State University,Department of Biological Sciences and Museum of Natural Science
"Cao, Liu",2019,"Computational Biology Department, Carnegie Mellon University, Pittsburgh, PA, USA.", Carnegie Mellon University,Computational Biology Department
"Gurevich, Alexey",2019,"Center for Algorithmic Biotechnology, Institute of Translational Biomedicine, St. Petersburg State University, St. Petersburg, Russia.", St. Petersburg State University,Center for Algorithmic Biotechnology Institute of Translational Biomedicine
"Alexander, Kelsey L",2019,"Center for Marine Biotechnology and Biomedicine, Scripps Institution of Oceanography and Skaggs School of Pharmacy and Pharmaceutical Sciences, University of California, San Diego, San Diego, CA, USA; Department of Chemistry and Biochemistry, University of California, San Diego, San Diego, CA, USA.", Scripps Institution of Oceanography and Skaggs School of Pharmacy and Pharmaceutical Sciences,Center for Marine Biotechnology and Biomedicine
"Naman, C Benjamin",2019,"Center for Marine Biotechnology and Biomedicine, Scripps Institution of Oceanography and Skaggs School of Pharmacy and Pharmaceutical Sciences, University of California, San Diego, San Diego, CA, USA; Li Dak Sum Yip Yio Chin Kenneth Li Marine Biopharmaceutical Research Center, Department of Marine Pharmacy, College of Food and Pharmaceutical Sciences, Ningbo University, Ningbo, Zhejiang, China.", Scripps Institution of Oceanography and Skaggs School of Pharmacy and Pharmaceutical Sciences University of California San Diego,Center for Marine Biotechnology and Biomedicine
"Leão, Tiago",2019,"Center for Marine Biotechnology and Biomedicine, Scripps Institution of Oceanography and Skaggs School of Pharmacy and Pharmaceutical Sciences, University of California, San Diego, San Diego, CA, USA.", University of California San Diego,Center for Marine Biotechnology and Biomedicine Scripps Institution of Oceanography and Skaggs School of Pharmacy and Pharmaceutical Sciences
"Glukhov, Evgenia",2019,"Center for Marine Biotechnology and Biomedicine, Scripps Institution of Oceanography and Skaggs School of Pharmacy and Pharmaceutical Sciences, University of California, San Diego, San Diego, CA, USA.", University of California San Diego,Center for Marine Biotechnology and Biomedicine Scripps Institution of Oceanography and Skaggs School of Pharmacy and Pharmaceutical Sciences
"Luzzatto-Knaan, Tal",2019,"Collaborative Mass Spectrometry Innovation Center, Skaggs School of Pharmacy and Pharmaceutical Sciences, University of California, San Diego, San Diego, CA, USA.", University of California San Diego,Collaborative Mass Spectrometry Innovation Center Skaggs School of Pharmacy and Pharmaceutical Sciences
"Vargas, Fernando",2019,"Collaborative Mass Spectrometry Innovation Center, Skaggs School of Pharmacy and Pharmaceutical Sciences, University of California, San Diego, San Diego, CA, USA.", University of California San Diego,Collaborative Mass Spectrometry Innovation Center Skaggs School of Pharmacy and Pharmaceutical Sciences
"Quinn, Robby",2019,"Collaborative Mass Spectrometry Innovation Center, Skaggs School of Pharmacy and Pharmaceutical Sciences, University of California, San Diego, San Diego, CA, USA.", University of California San Diego,Collaborative Mass Spectrometry Innovation Center Skaggs School of Pharmacy and Pharmaceutical Sciences
"Nothias, Louis Felix",2019,"Collaborative Mass Spectrometry Innovation Center, Skaggs School of Pharmacy and Pharmaceutical Sciences, University of California, San Diego, San Diego, CA, USA.", University of California San Diego,Collaborative Mass Spectrometry Innovation Center Skaggs School of Pharmacy and Pharmaceutical Sciences
"Singh, Nitin K",2019,"Jet Propulsion Laboratory, California Institute of Technology, Pasadena, CA, USA.", California Institute of Technology,Jet Propulsion Laboratory
"Benitez, Rodolfo A S",2019,"Department of Pediatrics, University of California, San Diego School of Medicine, San Diego, CA, USA.", University of California San Diego School of Medicine,Department of Pediatrics
"Hamid, Md-Nafiz",2019,"Department of Veterinary Microbiology and Preventive Medicine, Iowa State University, Ames, IA, USA; Interdepartmental program in Bioinformatics and Computational Biology, Iowa State University, Ames, IA, USA.", Iowa State University,Department of Veterinary Microbiology and Preventive Medicine
"Mikheenko, Alla",2019,"Center for Algorithmic Biotechnology, Institute of Translational Biomedicine, St. Petersburg State University, St. Petersburg, Russia.", St. Petersburg State University,Center for Algorithmic Biotechnology Institute of Translational Biomedicine
"Shlemov, Alexander",2019,"Center for Algorithmic Biotechnology, Institute of Translational Biomedicine, St. Petersburg State University, St. Petersburg, Russia.", St. Petersburg State University,Center for Algorithmic Biotechnology Institute of Translational Biomedicine
"Korobeynikov, Anton",2019,"Center for Algorithmic Biotechnology, Institute of Translational Biomedicine, St. Petersburg State University, St. Petersburg, Russia; Department of Mathematics and Mechanics, St. Petersburg State University, St. Petersburg, Russia.", St. Petersburg State University,Center for Algorithmic Biotechnology Institute of Translational Biomedicine
"Friedberg, Iddo",2019,"Department of Veterinary Microbiology and Preventive Medicine, Iowa State University, Ames, IA, USA; Interdepartmental program in Bioinformatics and Computational Biology, Iowa State University, Ames, IA, USA.", Iowa State University,Department of Veterinary Microbiology and Preventive Medicine
"Venkateswaran, Kasthuri",2019,"Jet Propulsion Laboratory, California Institute of Technology, Pasadena, CA, USA.", California Institute of Technology,Jet Propulsion Laboratory
"Gerwick, William H",2019,"Center for Marine Biotechnology and Biomedicine, Scripps Institution of Oceanography and Skaggs School of Pharmacy and Pharmaceutical Sciences, University of California, San Diego, San Diego, CA, USA.", University of California San Diego,Center for Marine Biotechnology and Biomedicine Scripps Institution of Oceanography and Skaggs School of Pharmacy and Pharmaceutical Sciences
"Gerwick, Lena",2019,"Center for Marine Biotechnology and Biomedicine, Scripps Institution of Oceanography and Skaggs School of Pharmacy and Pharmaceutical Sciences, University of California, San Diego, San Diego, CA, USA.", University of California San Diego,Center for Marine Biotechnology and Biomedicine Scripps Institution of Oceanography and Skaggs School of Pharmacy and Pharmaceutical Sciences
"Pevzner, Pavel A",2019,"Department of Computer Science and Engineering, University of California San Diego, La Jolla, CA, USA.
Center for Microbiome Innovation, Jacobs School of Engineering, University of California San Diego, La Jolla, CA, USA.", University of California San Diego,Department of Computer Science and Engineering
"Mohimani, Hosein",2019,"Computational Biology Department, Carnegie Mellon University, Pittsburgh, PA, USA; Department of Computer Science and Engineering, University of California, San Diego, San Diego, CA, USA. Electronic address: hoseinm@andrew.cmu.edu.", Carnegie Mellon University,Computational Biology Department
"Nurk, Sergey",2019,"Center for Algorithmic Biotechnology, Institute for Translational Biomedicine, St. Petersburg State University, St. Petersburg, Russia.", St. Petersburg State University,Center for Algorithmic Biotechnology Institute for Translational Biomedicine
"Minich, Jeremiah",2019,"Department of Pediatrics, University of California San Diego School of Medicine, La Jolla, CA, 92093, USA.", University of California San Diego School of Medicine,Department of Pediatrics
"Martino, Cameron",2019,"Department of Pediatrics, University of California San Diego School of Medicine, La Jolla, CA, 92093, USA.
Bioinformatics and Systems Biology Program, University of California San Diego, La Jolla, CA, USA.", University of California San Diego School of Medicine,Department of Pediatrics
"Fedarko, Marcus",2019,"Department of Computer Science and Engineering, University of California San Diego, La Jolla, CA, USA.", University of California San Diego,Department of Computer Science and Engineering
"Arthur, Timothy D",2019,"Department of Pediatrics, University of California San Diego School of Medicine, La Jolla, CA, 92093, USA.", University of California San Diego School of Medicine,Department of Pediatrics
"Chen, Feng",2019,"Illumina, Inc., La Jolla, CA, USA.",Illumina Inc.,
"Boland, Brigid S",2019,"Division of Gastroenterology, Department of Medicine, University of California San Diego, La Jolla, CA, USA.
Inflammatory Bowel Disease Center, University of California San Diego, La Jolla, CA, USA.", University of California San Diego,Division of Gastroenterology Department of Medicine
"Humphrey, Greg C",2019,"Department of Pediatrics, University of California San Diego School of Medicine, La Jolla, CA, 92093, USA.", University of California San Diego School of Medicine,Department of Pediatrics
"Jepsen, Kristen",2019,"Institute for Genomic Medicine, University of California San Diego, La Jolla, CA, USA.", University of California San Diego,Institute for Genomic Medicine
"Khosroheidari, Mahdieh",2019,"Institute for Genomic Medicine, University of California San Diego, La Jolla, CA, USA.", University of California San Diego,Institute for Genomic Medicine
"Green, Cliff",2019,"Institute for Genomic Medicine, University of California San Diego, La Jolla, CA, USA.", University of California San Diego,Institute for Genomic Medicine
"Liyanage, Marlon",2019,"Department of Pediatrics, University of California San Diego School of Medicine, La Jolla, CA, 92093, USA.", University of California San Diego School of Medicine,Department of Pediatrics
"Dang, Jason W",2019,"Department of Pediatrics, University of California San Diego School of Medicine, La Jolla, CA, 92093, USA.", University of California San Diego School of Medicine,Department of Pediatrics
"Phelan, Vanessa V",2019,"Skaggs School of Pharmacy and Pharmaceutical Sciences, University of California San Diego, La Jolla, CA, USA.
Skaggs School of Pharmacy and Pharmaceutical Sciences, University of Colorado, Aurora, CO, USA.", University of California San Diego,Skaggs School of Pharmacy and Pharmaceutical Sciences
"Bankevich, Anton",2019,"Center for Algorithmic Biotechnology, Institute for Translational Biomedicine, St. Petersburg State University, St. Petersburg, Russia.", St. Petersburg State University,Center for Algorithmic Biotechnology Institute for Translational Biomedicine
"Chang, John T",2019,"Division of Gastroenterology, Department of Medicine, University of California San Diego, La Jolla, CA, USA.
Inflammatory Bowel Disease Center, University of California San Diego, La Jolla, CA, USA.", University of California San Diego,Division of Gastroenterology Department of Medicine
"Rana, Tariq M",2019,"Department of Pediatrics, University of California San Diego School of Medicine, La Jolla, CA, 92093, USA.", University of California San Diego School of Medicine,Department of Pediatrics
"Conrad, Douglas J",2019,"Division of Pulmonary, Critical Care and Sleep Medicine, Department of Medicine, University of California San Diego, 9500 Gilman Drive, La Jolla, CA, 92093, USA.", University of California San Diego,Division of Pulmonary Critical Care and Sleep Medicine Department of Medicine
"Sandborn, William J",2019,"Division of Gastroenterology, Department of Medicine, University of California San Diego, La Jolla, CA, USA.
Inflammatory Bowel Disease Center, University of California San Diego, La Jolla, CA, USA.
Center for Microbiome Innovation, Jacobs School of Engineering, University of California San Diego, La Jolla, CA, USA.", University of California San Diego,Division of Gastroenterology Department of Medicine
"Mai, Uyen",2019,"Department of Computer Science and Engineering, University of California San Diego, La Jolla, CA, USA.", University of California San Diego,Department of Computer Science and Engineering
"Pfeiffer, Wayne",2019,"San Diego Supercomputer Center, University of California San Diego, La Jolla, CA, USA.", University of California San Diego,San Diego Supercomputer Center
"Asnicar, Francesco",2019,"Department CIBIO, University of Trento, Trento, Italy.", University of Trento,Department CIBIO
"Belda-Ferre, Pedro",2019,"Department of Pediatrics, University of California San Diego, La Jolla, CA, USA.", University of California San Diego,Department of Pediatrics
"Al-Ghalith, Gabriel A",2019,"Department of Computer Science and Engineering, University of Minnesota, Minneapolis, MN, USA.", University of Minnesota,Department of Computer Science and Engineering
"Yin, John B",2019,"Department of Electrical and Computer Engineering, University of California San Diego, La Jolla, CA, USA.
Department of Mathematics, University of California San Diego, La Jolla, CA, USA.", University of California San Diego,Department of Electrical and Computer Engineering
"Huang, Shi",2019,"Department of Pediatrics, University of California San Diego, La Jolla, CA, USA.
Single-Cell Center, Qingdao Institute of Bioenergy and Bioprocess Technology, Chinese Academy of Sciences, Qingdao, Shandong, China.", University of California San Diego,Department of Pediatrics
"Salam, Nimaichand",2019,"State Key Laboratory of Biocontrol and Guangdong Key Laboratory of Plant Resources, School of Life Sciences, Sun Yat-sen University, Guangzhou, China.", Sun Yat-sen University,State Key Laboratory of Biocontrol and Guangdong Key Laboratory of Plant Resources School of Life Sciences
"Jiao, Jian-Yu",2019,"State Key Laboratory of Biocontrol and Guangdong Key Laboratory of Plant Resources, School of Life Sciences, Sun Yat-sen University, Guangzhou, China.", Sun Yat-sen University,State Key Laboratory of Biocontrol and Guangdong Key Laboratory of Plant Resources School of Life Sciences
"Wu, Zijun",2019,"Department of Pediatrics, University of California San Diego, La Jolla, CA, USA.
Division of Biological Sciences, University of California San Diego, La Jolla, CA, USA.", University of California San Diego,Department of Pediatrics
"Cantrell, Kalen",2019,"Department of Computer Science and Engineering, University of Minnesota, Minneapolis, MN, USA.", University of Minnesota,Department of Computer Science and Engineering
"Yang, Yimeng",2019,"Department of Computer Science and Engineering, University of Minnesota, Minneapolis, MN, USA.", University of Minnesota,Department of Computer Science and Engineering
"Sayyari, Erfan",2019,"Department of Electrical and Computer Engineering, University of California San Diego, La Jolla, CA, USA.", University of California San Diego,Department of Electrical and Computer Engineering
"Rabiee, Maryam",2019,"Department of Computer Science and Engineering, University of California San Diego, La Jolla, CA, USA.", University of California San Diego,Department of Computer Science and Engineering
"Podell, Sheila",2019,"Scripps Institution of Oceanography, University of California San Diego, La Jolla, CA, USA.", University of California San Diego,Scripps Institution of Oceanography
"Knights, Dan",2019,"Department of Computer Science and Engineering, University of Minnesota, Minneapolis, MN, USA.", University of Minnesota,Department of Computer Science and Engineering
"Li, Wen-Jun",2019,"State Key Laboratory of Biocontrol and Guangdong Key Laboratory of Plant Resources, School of Life Sciences, Sun Yat-sen University, Guangzhou, China.", Sun Yat-sen University,State Key Laboratory of Biocontrol and Guangdong Key Laboratory of Plant Resources School of Life Sciences
"Huttenhower, Curtis",2019,"Department of Biostatistics, Harvard T. H. Chan School of Public Health, Boston, MA, USA.
The Broad Institute of MIT and Harvard, Cambridge, MA, USA.", Harvard T. H. Chan School of Public Health,Department of Biostatistics
"Segata, Nicola",2019,"Department CIBIO, University of Trento, Trento, Italy.", University of Trento,Department CIBIO
"Delsuc, Frédéric",2020,"Institut des Sciences de l'Evolution de Montpellier (ISEM), CNRS, EPHE, IRD, Université de Montpellier, Montpellier, France.", Université de Montpellier,Institut des Sciences de l'Evolution de Montpellier (ISEM) CNRSInstitut des Sciences de l'Evolution de Montpellier (ISEM) CNRS EPHE IRD
"Metcalf, Jessica",2020,"Department of Animal Sciences, Colorado State University, Fort Collins, Colorado, USA.", Colorado State University,Department of Animal Sciences
"Amato, Katherine",2020,"Department of Anthropology, Northwestern University, Evanston, Illinois, USA.", Northwestern University,Department of Anthropology
"Taylor, Michael W",2020,"School of Biological Sciences, University of Auckland, Auckland, New Zealand.", University of Auckland,School of Biological Sciences
"Lutz, Holly L",2020,"Department of Pediatrics, School of Medicine, University of California San Diego, La Jolla, California, USA.
Integrative Research Center, Field Museum of Natural History, Chicago, Illinois, USA.", University of California San Diego,Department of Pediatrics School of Medicine
"Graves, Gary R",2020,"Department of Vertebrate Zoology, National Museum of Natural History, Smithsonian Institution, Washington, DC, USA.
Center for Macroecology, Evolution and Climate National Museum of Denmark, University of Copenhagen, Copenhagen, Denmark.", National Museum of Natural History Smithsonian Institution,Department of Vertebrate Zoology
"Hackett, Shannon J",2020,"Integrative Research Center, Field Museum of Natural History, Chicago, Illinois, USA.", Field Museum of Natural History,Integrative Research Center
"White, Kevin P",2020,"Institute for Genomics and Systems Biology, University of Chicago, Chicago, Illinois, USA.", University of Chicago,Institute for Genomics and Systems Biology
"Skeen, Heather R",2020,"Integrative Research Center, Field Museum of Natural History, Chicago, Illinois, USA.
Committee on Evolutionary Biology, University of Chicago, Chicago, Illinois, USA.", Field Museum of Natural History,Integrative Research Center
"Kurtis, Sarah M",2020,"Department of Biology, University of Florida, Gainesville, Florida, USA.", University of Florida,Department of Biology
"Withrow, Jack",2020,"University of Alaska Museum, Fairbanks, Alaska, USA.",University of Alaska Museum,University of Alaska Museum
"Braile, Thomas",2020,"University of Alaska Museum, Fairbanks, Alaska, USA.",University of Alaska Museum,
"Miller, Matthew",2020,"University of Alaska Museum, Fairbanks, Alaska, USA.
Sam Noble Oklahoma Museum of Natural History, Department of Biology, University of Oklahoma, Norman, Oklahoma, USA.",University of Alaska Museum,
"McCracken, Kevin G",2020,"University of Alaska Museum, Fairbanks, Alaska, USA.
Department of Biology, University of Miami, Coral Gables, Florida, USA.
Rosenstiel School of Marine and Atmospheric Sciences, University of Miami, Miami, Florida, USA.
Human Genetics and Genomics, Hussman Institute for Human Genomics, University of Miami Miller School of Medicine, Miami, Florida, USA.
Institute of Arctic Biology, University of Alaska, Fairbanks, Fairbanks, Alaska, USA.",University of Alaska Museum,
"Maley, James M",2020,"Moore Laboratory of Zoology, Occidental College, Los Angeles, California, USA.", Occidental College,Moore Laboratory of Zoology
"Ezenwa, Vanessa O",2020,"Odum School of Ecology, University of Georgia, Athens, Georgia, USA.
Department of Infectious Diseases, College of Veterinary Medicine, University of Georgia, Athens, Georgia, USA.", University of Georgia,Odum School of Ecology
"Williams, Allison",2020,"Odum School of Ecology, University of Georgia, Athens, Georgia, USA.", University of Georgia,Odum School of Ecology
"Blanton, Jessica M",2020,"Marine Biology Research Division, Scripps Institution of Oceanography, University of California San Diego, La Jolla, California, USA.", Scripps Institution of Oceanography University of California San Diego,Marine Biology Research Division
